indicador,estimado,muestra,precision,error_estandar,ic90,cv,denominador,muestra_dominio,porcentaje,error_estandar_pp,valor,universo_estimado,mediana,q1,q3,mujeres_estimadas_con_dato,promedio
poblacion,57844.0,17936.0,aproximada_no_oficial,2957.35,"[52979.16, 62708.84]",5.11,,,,,,,,,,,
mujeres,30346.0,9415.0,aproximada_no_oficial,1561.27,"[27777.72, 32914.28]",5.14,,,,,,,,,,,
hombres,27498.0,8521.0,aproximada_no_oficial,1419.66,"[25162.66, 29833.34]",5.16,,,,,,,,,,,
proporcion_mujeres,30346.0,9415.0,aproximada_no_oficial,,"[51.93, 52.99]",0.62,57844.0,17936.0,52.46,0.32,,,,,,,
imputados,452.0,142.0,aproximada_no_oficial,50.37,"[369.15, 534.85]",11.14,,,,,,,,,,,
edad_0-14,13267.0,4124.0,aproximada_no_oficial,,"[22.31, 23.57]",1.67,57844.0,17936.0,22.94,0.38,,,,,,,
edad_15-29,14380.0,4420.0,aproximada_no_oficial,,"[24.17, 25.56]",1.7,57844.0,17936.0,24.86,0.42,,,,,,,
edad_30-44,13795.0,4271.0,aproximada_no_oficial,,"[23.27, 24.43]",1.47,57844.0,17936.0,23.85,0.35,,,,,,,
edad_45-64,12037.0,3730.0,aproximada_no_oficial,,"[20.22, 21.41]",1.75,57844.0,17936.0,20.81,0.36,,,,,,,
edad_65+,4365.0,1391.0,aproximada_no_oficial,,"[7.11, 8.01]",3.61,57844.0,17936.0,7.55,0.27,,,,,,,
edad_0-4,3790.0,1179.0,aproximada_no_oficial,,"[6.23, 6.89]",3.03,57844.0,17936.0,6.55,0.2,,,,,,,
edad_5-9,4571.0,1420.0,aproximada_no_oficial,,"[7.53, 8.29]",2.92,57844.0,17936.0,7.9,0.23,,,,,,,
edad_10-14,4906.0,1525.0,aproximada_no_oficial,,"[8.14, 8.84]",2.5,57844.0,17936.0,8.48,0.21,,,,,,,
edad_15-19,5304.0,1632.0,aproximada_no_oficial,,"[8.78, 9.57]",2.61,57844.0,17936.0,9.17,0.24,,,,,,,
edad_20-24,4435.0,1363.0,aproximada_no_oficial,,"[7.26, 8.1]",3.32,57844.0,17936.0,7.67,0.25,,,,,,,
edad_25-29,4641.0,1425.0,aproximada_no_oficial,,"[7.67, 8.39]",2.7,57844.0,17936.0,8.02,0.22,,,,,,,
edad_30-34,4960.0,1535.0,aproximada_no_oficial,,"[8.19, 8.97]",2.76,57844.0,17936.0,8.57,0.24,,,,,,,
edad_35-39,4763.0,1475.0,aproximada_no_oficial,,"[7.84, 8.64]",2.94,57844.0,17936.0,8.23,0.24,,,,,,,
edad_40-44,4072.0,1261.0,aproximada_no_oficial,,"[6.72, 7.38]",2.83,57844.0,17936.0,7.04,0.2,,,,,,,
edad_45-49,3761.0,1152.0,aproximada_no_oficial,,"[6.19, 6.83]",2.99,57844.0,17936.0,6.5,0.19,,,,,,,
edad_50-54,3344.0,1034.0,aproximada_no_oficial,,"[5.47, 6.1]",3.3,57844.0,17936.0,5.78,0.19,,,,,,,
edad_55-59,2696.0,840.0,aproximada_no_oficial,,"[4.4, 4.94]",3.53,57844.0,17936.0,4.66,0.16,,,,,,,
edad_60-64,2236.0,704.0,aproximada_no_oficial,,"[3.59, 4.16]",4.4,57844.0,17936.0,3.87,0.17,,,,,,,
edad_65-69,1558.0,499.0,aproximada_no_oficial,,"[2.48, 2.92]",4.94,57844.0,17936.0,2.69,0.13,,,,,,,
edad_70-74,1144.0,367.0,aproximada_no_oficial,,"[1.79, 2.18]",5.97,57844.0,17936.0,1.98,0.12,,,,,,,
edad_75+,1663.0,525.0,aproximada_no_oficial,,"[2.64, 3.13]",5.18,57844.0,17936.0,2.87,0.15,,,,,,,
edad_mediana_ponderada_sin_interpolacion,,,,,,,,,,,30.0,,,,,,
localidad_menos_2500,10440.0,3219.0,aproximada_no_oficial,,"[14.82, 21.8]",11.73,57844.0,17936.0,18.05,2.12,,,,,,,
localidad_2500_14999,12696.0,4817.0,aproximada_no_oficial,,"[18.87, 25.37]",8.97,57844.0,17936.0,21.95,1.97,,,,,,,
localidad_15000_49999,34708.0,9900.0,aproximada_no_oficial,,"[55.82, 64.04]",4.17,57844.0,17936.0,60.0,2.5,,,,,,,
localidad_50000_99999,0.0,0.0,aproximada_no_oficial,,"[0.0, np.float64(0.0)]",,57844.0,17936.0,0.0,0.0,,,,,,,
localidad_100000_mas,0.0,0.0,aproximada_no_oficial,,"[0.0, np.float64(0.0)]",,57844.0,17936.0,0.0,0.0,,,,,,,
nacido_oaxaca,51459.0,16052.0,aproximada_no_oficial,,"[87.9, 89.94]",0.69,57844.0,17936.0,88.96,0.62,,,,,,,
nacido_otra_entidad,5631.0,1662.0,aproximada_no_oficial,,"[8.87, 10.68]",5.64,57844.0,17936.0,9.73,0.55,,,,,,,
nacido_otro_pais,735.0,217.0,aproximada_no_oficial,,"[1.06, 1.53]",11.17,57844.0,17936.0,1.27,0.14,,,,,,,
mismo_municipio_2020,48164.0,14969.0,aproximada_no_oficial,,"[88.07, 90.06]",0.68,54054.0,16757.0,89.1,0.6,,,,,,,
otra_entidad_2020,2086.0,626.0,aproximada_no_oficial,,"[3.36, 4.43]",8.43,54054.0,16757.0,3.86,0.33,,,,,,,
otro_pais_2020,470.0,140.0,aproximada_no_oficial,,"[0.69, 1.09]",13.66,54054.0,16757.0,0.87,0.12,,,,,,,
indigena_autoadscripcion,23777.0,7423.0,aproximada_no_oficial,,"[38.52, 43.74]",3.86,57844.0,17936.0,41.11,1.58,,,,,,,
afro_autoadscripcion,4734.0,1428.0,aproximada_no_oficial,,"[7.26, 9.21]",7.22,57844.0,17936.0,8.18,0.59,,,,,,,
habla_lengua_indigena_3mas,2277.0,691.0,aproximada_no_oficial,,"[3.67, 4.56]",6.64,55647.0,17250.0,4.09,0.27,,,,,,,
habla_espanol_entre_hli,2262.0,687.0,aproximada_no_oficial,,"[98.51, 99.71]",0.33,2277.0,691.0,99.34,0.33,,,,,,,
discapacidad,2966.0,952.0,aproximada_no_oficial,202.57,"[2632.78, 3299.22]",6.83,,,,,,,,,,,
discapacidad_pct,2966.0,952.0,aproximada_no_oficial,,"[4.73, 5.56]",4.94,57844.0,17936.0,5.13,0.25,,,,,,,
condicion_mental,663.0,210.0,aproximada_no_oficial,,"[1.0, 1.31]",8.04,57844.0,17936.0,1.15,0.09,,,,,,,
discapacidad_60mas,1672.0,537.0,aproximada_no_oficial,,"[23.11, 27.69]",5.48,6601.0,2095.0,25.33,1.39,,,,,,,
asiste_6_14,8163.0,2530.0,aproximada_no_oficial,,"[93.97, 95.55]",0.51,8609.0,2673.0,94.82,0.48,,,,,,,
no_asiste_6_14,423.0,136.0,aproximada_no_oficial,,"[4.2, 5.75]",9.56,8609.0,2673.0,4.91,0.47,,,,,,,
asiste_15_17,2178.0,668.0,aproximada_no_oficial,,"[64.18, 70.28]",2.75,3236.0,998.0,67.31,1.85,,,,,,,
asiste_18_24,1632.0,491.0,aproximada_no_oficial,,"[22.78, 27.57]",5.79,6503.0,1997.0,25.1,1.45,,,,,,,
analfabetismo_15mas,2734.0,889.0,aproximada_no_oficial,,"[5.61, 6.7]",5.4,44577.0,13812.0,6.13,0.33,,,,,,,
analfabetismo_mujeres_15mas,1664.0,539.0,aproximada_no_oficial,,"[6.4, 7.65]",5.41,23761.0,7362.0,7.0,0.38,,,,,,,
analfabetismo_hombres_15mas,1070.0,350.0,aproximada_no_oficial,,"[4.54, 5.82]",7.51,20816.0,6450.0,5.14,0.39,,,,,,,
escolaridad_sin_escolaridad_15mas,2954.0,951.0,aproximada_no_oficial,,"[6.09, 7.2]",5.08,44577.0,13812.0,6.63,0.34,,,,,,,
escolaridad_basica_15mas,21212.0,6666.0,aproximada_no_oficial,,"[45.74, 49.44]",2.36,44577.0,13812.0,47.59,1.12,,,,,,,
escolaridad_media_superior_15mas,11196.0,3435.0,aproximada_no_oficial,,"[24.34, 25.91]",1.89,44577.0,13812.0,25.12,0.47,,,,,,,
escolaridad_superior_15mas,8614.0,2583.0,aproximada_no_oficial,,"[17.7, 21.06]",5.28,44577.0,13812.0,19.32,1.02,,,,,,,
escolaridad_posgrado_15mas,590.0,174.0,aproximada_no_oficial,,"[1.04, 1.68]",14.4,44577.0,13812.0,1.32,0.19,,,,,,,
afiliacion_salud,27393.0,8408.0,aproximada_no_oficial,,"[44.13, 50.6]",4.15,57844.0,17936.0,47.36,1.97,,,,,,,
sin_afiliacion_salud,30402.0,9514.0,aproximada_no_oficial,,"[49.31, 55.79]",3.74,57844.0,17936.0,52.56,1.97,,,,,,,
atiende_privado,21348.0,6549.0,aproximada_no_oficial,,"[35.28, 38.56]",2.69,57844.0,17936.0,36.91,0.99,,,,,,,
atiende_consultorio_farmacia,5154.0,1516.0,aproximada_no_oficial,,"[7.89, 10.05]",7.35,57844.0,17936.0,8.91,0.66,,,,,,,
atiende_centro_publico,18318.0,5942.0,aproximada_no_oficial,,"[29.52, 33.9]",4.2,57844.0,17936.0,31.67,1.33,,,,,,,
no_se_atiende,1333.0,421.0,aproximada_no_oficial,,"[1.93, 2.75]",10.76,57844.0,17936.0,2.3,0.25,,,,,,,
pea_12mas,30807.0,9527.0,aproximada_no_oficial,,"[63.68, 65.79]",0.99,47586.0,14746.0,64.74,0.64,,,,,,,
pea_mujeres_12mas,13450.0,4140.0,aproximada_no_oficial,,"[51.66, 54.86]",1.82,25253.0,7829.0,53.26,0.97,,,,,,,
pea_hombres_12mas,17357.0,5387.0,aproximada_no_oficial,,"[76.77, 78.64]",0.73,22333.0,6917.0,77.72,0.56,,,,,,,
ocupados,30544.0,9446.0,aproximada_no_oficial,1527.04,"[28032.01, 33055.99]",5.0,,,,,,,,,,,
ocupados_entre_pea,30544.0,9446.0,aproximada_no_oficial,,"[98.95, 99.31]",0.11,30807.0,9527.0,99.15,0.11,,,,,,,
desocupados_entre_pea,263.0,81.0,aproximada_no_oficial,,"[0.69, 1.05]",12.54,30807.0,9527.0,0.85,0.11,,,,,,,
sector_comercio_minorista,5657.0,1711.0,aproximada_no_oficial,,"[17.52, 19.57]",3.35,30544.0,9446.0,18.52,0.62,,,,,,,
sector_alojamiento_alimentos,5010.0,1537.0,aproximada_no_oficial,,"[15.55, 17.3]",3.23,30544.0,9446.0,16.4,0.53,,,,,,,
sector_construccion,3645.0,1164.0,aproximada_no_oficial,,"[11.14, 12.77]",4.15,30544.0,9446.0,11.93,0.5,,,,,,,
sector_otros_servicios,2965.0,923.0,aproximada_no_oficial,,"[9.09, 10.36]",3.96,30544.0,9446.0,9.71,0.38,,,,,,,
sector_agropecuario_pesca,2282.0,753.0,aproximada_no_oficial,,"[6.25, 8.9]",10.72,30544.0,9446.0,7.47,0.8,,,,,,,
sector_educacion,1998.0,604.0,aproximada_no_oficial,,"[5.89, 7.26]",6.35,30544.0,9446.0,6.54,0.42,,,,,,,
posicion_asalariados,18999.0,5849.0,aproximada_no_oficial,,"[60.68, 63.7]",1.47,30544.0,9446.0,62.2,0.92,,,,,,,
posicion_empleadores,944.0,292.0,aproximada_no_oficial,,"[2.66, 3.59]",9.1,30544.0,9446.0,3.09,0.28,,,,,,,
posicion_cuenta_propia,9912.0,3092.0,aproximada_no_oficial,,"[30.94, 34.0]",2.86,30544.0,9446.0,32.45,0.93,,,,,,,
posicion_sin_pago,689.0,213.0,aproximada_no_oficial,,"[1.96, 2.6]",8.63,30544.0,9446.0,2.26,0.19,,,,,,,
aguinaldo_entre_asalariados,8495.0,2568.0,aproximada_no_oficial,,"[42.7, 46.74]",2.74,18999.0,5849.0,44.71,1.23,,,,,,,
servicio_medico_laboral_entre_asalariados,5450.0,1638.0,aproximada_no_oficial,,"[26.83, 30.62]",4.0,18999.0,5849.0,28.69,1.15,,,,,,,
vacaciones_entre_asalariados,6599.0,1983.0,aproximada_no_oficial,,"[32.75, 36.77]",3.51,18999.0,5849.0,34.73,1.22,,,,,,,
ingreso_reportado_ocupados,30461.0,9421.0,aproximada_no_oficial,,"[99.55, 99.83]",0.08,30544.0,9446.0,99.73,0.08,,,,,,,
ingreso_cero_ocupados_con_dato,1164.0,364.0,aproximada_no_oficial,,"[3.28, 4.44]",9.19,30461.0,9421.0,3.82,0.35,,,,,,,
ingreso_mensual_total,,9421.0,,,,,,,,,,30461.0,10750.0,7000.0,15050.0,,
ingreso_mensual_mujeres,,4115.0,,,,,,,,,,13368.0,8600.0,6000.0,12900.0,,
ingreso_mensual_hombres,,5306.0,,,,,,,,,,17093.0,12900.0,8600.0,17200.0,,
horas_semanales_mediana,,,,,,,,,,,,30500.0,48.0,,,,
trabaja_mismo_municipio,28385.0,8795.0,aproximada_no_oficial,,"[92.19, 93.61]",0.46,30544.0,9446.0,92.93,0.43,,,,,,,
traslado_trabajo_30min_o_menos,20199.0,6212.0,aproximada_no_oficial,,"[64.65, 67.58]",1.35,30544.0,9446.0,66.13,0.89,,,,,,,
traslado_trabajo_no_se_traslada,4752.0,1474.0,aproximada_no_oficial,,"[14.65, 16.51]",3.61,30544.0,9446.0,15.56,0.56,,,,,,,
traslado_trabajo_caminar,6890.0,2122.0,aproximada_no_oficial,,"[20.94, 24.27]",4.48,30544.0,9446.0,22.56,1.01,,,,,,,
traslado_trabajo_motocicleta,7159.0,2207.0,aproximada_no_oficial,,"[22.36, 24.55]",2.83,30544.0,9446.0,23.44,0.66,,,,,,,
conyugal_soltera_12mas,17272.0,5301.0,aproximada_no_oficial,,"[35.46, 37.15]",1.41,47586.0,14746.0,36.3,0.51,,,,,,,
conyugal_union_o_casada_12mas,24355.0,7580.0,aproximada_no_oficial,,"[50.21, 52.16]",1.16,47586.0,14746.0,51.18,0.59,,,,,,,
conyugal_separada_divorciada_viuda_12mas,5955.0,1864.0,aproximada_no_oficial,,"[11.91, 13.14]",2.99,47586.0,14746.0,12.51,0.37,,,,,,,
hijos_nacidos_vivos_15_49,,5236.0,,,,,,,,,,,,,,16994.0,1.3
sin_hijos_nacidos_vivos_15_49,6744.0,2051.0,aproximada_no_oficial,,"[38.26, 41.13]",2.19,16994.0,5236.0,39.68,0.87,,,,,,,
